Breed,Elite Premium % (Previous),National Average Premium %,Rationale
Angus,20,10-12,"Premium breed but national average includes all grades. Elite sales: 20%, Average: 10-12%"
Red Angus,20,10-12,"Same as Angus with heat tolerance"
Black Angus,20,10-12,"Same as Angus"
Wagyu,35,20-25,"Elite: 35-40%, but most Wagyu crosses are lower. Pure Wagyu rare: 20-25% nationally"
Angus X,15,8,"Quality Angus crossbreed"
Charolais X Angus,18,10-12,"Good growth cross"
Black Baldy,15,8-10,"Hereford X Angus - consistent but not elite"
Black Hereford,15,8-10,"Good crossbreed"
Limousin X Friesian,12,5-8,"Lean meat"
Murray Grey X Friesian,12,5-8,"Docile but dairy influence"
Brangus,15,8-10,"Good tropical cross - better in north"
Charolais,12,5-8,"Good muscling"
Limousin,10,3-5,"Lean high yield"
Hereford,8,3-5,"Traditional - middle of pack"
Poll Hereford,8,3-5,"Same as Hereford"
Shorthorn,6,0-3,"Dual purpose - lower meat value"
Murray Grey,10,5-8,"Tender meat"
Simmental,10,5-8,"Large frame"
Holstein,3,0-2,"Dairy - minimal beef premium"
Brahman,8,3-5,"In northern markets: 5-8%, Southern: 0-3%, National blend: 3-5%"
Droughtmaster,12,5-8,"Better meat than Brahman"
Santa Gertrudis,10,3-5,"Tropical adaptation"
Charbray,10,3-5,"Tropical"
Friesian,3,0-2,"Dairy breed"
Friesian Cross,5,0-3,"Dairy cross"
Speckle Park,15,8-10,"Specialty breed - growing market"
Gelbvieh,10,5-8,"Continental breed"
Lowline Angus,18,10-12,"Premium eating quality - niche market"
Senepol,10,3-5,"Tropical"
Devon,8,3-5,"Heritage breed"
Belted Galloway,12,5-8,"Specialty - niche market"
Square Meaters,12,5-8,"Compact breed - niche"
Cross Breed,0,0,"BASELINE - this is what national indicators already reflect"
European Cross,0,0,"BASELINE"
Mixed Breed,0,0,"BASELINE"